{
    "page": {
        "infoMessage": "Stranica je u izradi!",
        "navigation": {
            "home": "Početna",
            "search": "Pretraživanje slika",
            "products": "Proizvodi",
            "events": "Nadolazeći događaji",
            "gallery": "Galerija",
            "about": "O nama",
            "contact": "Kontakt"
        },
        "hero": {
            "title": "Fotografiranje sportskih događaja",
            "description": "Naš tim fotografa pobrinuti će se da svaki Vama dragi sportski događaj ostane zabilježen",
            "btnSearch": "Pretraživanje slika",
            "btnProducts": "Naši proizvodi",
            "btnContact": "Kontaktirajte nas"
        },
        "upcomingEvents": {
            "titleEvents": "Nadolazeći događaji",
            "noEvents": "Trenutno nema nadolazećih događaja!"
        },
        "search": {
            "title": "Pretraživanje slika",
            "description": "Ovdje imate mogućnost pretraživanja slika. Potrebno je odabrati tražene podatke kako bi mogli pregledati slike.",
            "labelEvent": "Događanje",
            "chooseEvent": "Odaberite događanje",
            "labelDate": "Datum",
            "chooseDate": "Odaberite datum",
            "labelTime": "Vrijeme",
            "chooseTime": "Odaberite vrijeme",
            "labelField": "Teren",
            "chooseField": "Odaberite teren",
            "btnSearchImages": "Pretraži slike",
            "btnDelete": "Obriši sliku",
            "btnDeletion": "Brisanje slike...",
            "warning": "Potrebno je odabrati sva polja za pretraživanje slika!"
        },
        "products": {
            "title": "Proizvodi",
            "info": "Plaćanje unaprijed uz konzultacije sa naručiteljom i prikazom demo verzije postera ili Fifa card.",
            "photo": "Fotografija 4€ - u digitalnom formatu, visoke rezolucije",
            "poster": "Poster 60€ -  skup od najviše tri fotografije, koje se slažu i obrađuju uz efekte, printano na forex-u ( materijal sličan i lagan kao stiropor, ali puno gušće strukture, debljine 3mm, jednostavan za postavljanje na zid itd.",
            "fifaCard": "Fifa card 40€ personalizirana kartica mladih nogometaša s njihovim odabirom ocjena, izrađeno na forex-u 3mm",
            "mug": "Šalica 9€ - mogućnost prijenosa fotografija na šalice",
            "order": "Naruči proizvode",
            "addProduct": "Dodaj u košaricu",
            "removeProduct": "Izbriši iz košarice",
            "labelProduct": "Proizvod",
            "chooseProduct": "Odaberite proizvod",
            "labelImage": "Slika",
            "chooseImage": "Odaberite sliku",
            "addedItemsLabel": "Dodani proizvodi",
            "btnOrder": "Pošalji narudžbu",
            "btnOrdering": "Slanje narudžbe..."
        },
        "gallery": {
            "title": "Galerija",
            "noVideos": "Trenutno nema videa za prikaz!",
            "btnDelete": "Obriši video",
            "btnDeletion": "Brisanje videa..."
        },
        "about": {
            "title": "O nama",
            "description": "Naš tim fotografa već dugi niz godina bavi se fotografiranjem sportskih događaja. Naša misija je zabilježiti svaki Vaš dragi trenutak na terenu.",
            "years": "godina iskustva",
            "professional": "fotografa",
            "events": "odrađenih događaja"
        },
        "contact": {
            "title": "Kontakt",
            "description": "Za sve informacije ili pitanja slobodno nas kontaktirajte putem kontakt forme.",
            "labelName": "Ime i prezime",
            "labelEmail": "Vaš email",
            "labelMessage": "Ovdje upišite Vašu poruku",
            "btnSend": "Pošalji poruku",
            "btnSending": "Slanje poruke...",
            "success": "Vaša poruka je uspješno poslana!",
            "error": "Došlo je do pogreške prilikom slanja poruke. Molimo pokušajte ponovno!"
        },
        "footer": {
            "facebook": "Posjetite nas na",
            "copyrigth": "*Sve fotografije na stranici zaštićene su vodenim žigom te je svako njihovo korištenje bez dozvole strogo zabranjeno.",
            "rights": "Sva prava pridržana."
        }
    }
}